[{"pk": 1, "model": "demo.warehouse", "fields": {"name": "Warehouse A"}}, {"pk": 2, "model": "demo.warehouse", "fields": {"name": "Warehouse B"}}, {"pk": 3, "model": "demo.warehouse", "fields": {"name": "Warehouse C"}}, {"pk": 1, "model": "demo.aisle", "fields": {"warehouse": 1, "name": "Aisle 1 - WA"}}, {"pk": 2, "model": "demo.aisle", "fields": {"warehouse": 1, "name": "Aisle 2 - WA"}}, {"pk": 3, "model": "demo.aisle", "fields": {"warehouse": 1, "name": "Aisle 3 - WA"}}, {"pk": 4, "model": "demo.aisle", "fields": {"warehouse": 2, "name": "Aisle 1 - WB"}}, {"pk": 5, "model": "demo.aisle", "fields": {"warehouse": 2, "name": "Aisle 2 - WB"}}, {"pk": 6, "model": "demo.aisle", "fields": {"warehouse": 2, "name": "Aisle 3 - WB"}}, {"pk": 7, "model": "demo.aisle", "fields": {"warehouse": 3, "name": "Aisle 1 - WC"}}, {"pk": 8, "model": "demo.aisle", "fields": {"warehouse": 3, "name": "Aisle 2 - WC"}}, {"pk": 9, "model": "demo.aisle", "fields": {"warehouse": 3, "name": "Aisle 3 - WC"}}, {"pk": 1, "model": "demo.shelf", "fields": {"aisle": 1, "name": "Shelf 1 - A1 - WA"}}, {"pk": 2, "model": "demo.shelf", "fields": {"aisle": 1, "name": "Shelf 2 - A1 - WA"}}, {"pk": 3, "model": "demo.shelf", "fields": {"aisle": 1, "name": "Shelf 3 - A1 - WA"}}, {"pk": 4, "model": "demo.shelf", "fields": {"aisle": 2, "name": "Shelf 1 - A2 - WA"}}, {"pk": 5, "model": "demo.shelf", "fields": {"aisle": 2, "name": "Shelf 2 - A2 - WA"}}, {"pk": 6, "model": "demo.shelf", "fields": {"aisle": 2, "name": "Shelf 3 - A2 - WA"}}, {"pk": 7, "model": "demo.shelf", "fields": {"aisle": 3, "name": "Shelf 1 - A3 - WA"}}, {"pk": 8, "model": "demo.shelf", "fields": {"aisle": 3, "name": "Shelf 2 - A3 - WA"}}, {"pk": 9, "model": "demo.shelf", "fields": {"aisle": 3, "name": "Shelf 3 - A3 - WA"}}, {"pk": 10, "model": "demo.shelf", "fields": {"aisle": 4, "name": "Shelf 1 - A1 - WB"}}, {"pk": 11, "model": "demo.shelf", "fields": {"aisle": 4, "name": "Shelf 2 - A1 - WB"}}, {"pk": 12, "model": "demo.shelf", "fields": {"aisle": 4, "name": "Shelf 3 - A1 - WB"}}, {"pk": 13, "model": "demo.shelf", "fields": {"aisle": 5, "name": "Shelf 1 - A2 - WB"}}, {"pk": 14, "model": "demo.shelf", "fields": {"aisle": 5, "name": "Shelf 2 - A2 - WB"}}, {"pk": 15, "model": "demo.shelf", "fields": {"aisle": 5, "name": "Shelf 3 - A2 - WB"}}, {"pk": 16, "model": "demo.shelf", "fields": {"aisle": 6, "name": "Shelf 1 - A3 - WB"}}, {"pk": 17, "model": "demo.shelf", "fields": {"aisle": 6, "name": "Shelf 2 - A3 - WB"}}, {"pk": 18, "model": "demo.shelf", "fields": {"aisle": 6, "name": "Shelf 3 - A3 - WB"}}, {"pk": 19, "model": "demo.shelf", "fields": {"aisle": 7, "name": "Shelf 1 - A1 - WC"}}, {"pk": 20, "model": "demo.shelf", "fields": {"aisle": 7, "name": "Shelf 2 - A1 - WC"}}, {"pk": 21, "model": "demo.shelf", "fields": {"aisle": 7, "name": "Shelf 3 - A1 - WC"}}, {"pk": 22, "model": "demo.shelf", "fields": {"aisle": 8, "name": "Shelf 1 - A2 - WC"}}, {"pk": 23, "model": "demo.shelf", "fields": {"aisle": 8, "name": "Shelf 2 - A2 - WC"}}, {"pk": 24, "model": "demo.shelf", "fields": {"aisle": 8, "name": "Shelf 3 - A2 - WC"}}, {"pk": 25, "model": "demo.shelf", "fields": {"aisle": 9, "name": "Shelf 1 - A3 - WC"}}, {"pk": 26, "model": "demo.shelf", "fields": {"aisle": 9, "name": "Shelf 2 - A3 - WC"}}, {"pk": 27, "model": "demo.shelf", "fields": {"aisle": 9, "name": "Shelf 3 - A3 - WC"}}, {"pk": 1, "model": "demo.item", "fields": {"shelf": 1, "name": "Item a - S1 - A1 - WA"}}, {"pk": 2, "model": "demo.item", "fields": {"shelf": 1, "name": "Item b - S1 - A1 - WA"}}, {"pk": 3, "model": "demo.item", "fields": {"shelf": 1, "name": "Item c - S1 - A1 - WA"}}, {"pk": 4, "model": "demo.item", "fields": {"shelf": 1, "name": "Item d - S1 - A1 - WA"}}, {"pk": 5, "model": "demo.item", "fields": {"shelf": 1, "name": "Item e - S1 - A1 - WA"}}, {"pk": 6, "model": "demo.item", "fields": {"shelf": 2, "name": "Item a - S2 - A1 - WA"}}, {"pk": 7, "model": "demo.item", "fields": {"shelf": 2, "name": "Item b - S2 - A1 - WA"}}, {"pk": 8, "model": "demo.item", "fields": {"shelf": 2, "name": "Item c - S2 - A1 - WA"}}, {"pk": 9, "model": "demo.item", "fields": {"shelf": 2, "name": "Item d - S2 - A1 - WA"}}, {"pk": 10, "model": "demo.item", "fields": {"shelf": 2, "name": "Item e - S2 - A1 - WA"}}, {"pk": 11, "model": "demo.item", "fields": {"shelf": 3, "name": "Item a - S3 - A1 - WA"}}, {"pk": 12, "model": "demo.item", "fields": {"shelf": 3, "name": "Item b - S3 - A1 - WA"}}, {"pk": 13, "model": "demo.item", "fields": {"shelf": 3, "name": "Item c - S3 - A1 - WA"}}, {"pk": 14, "model": "demo.item", "fields": {"shelf": 3, "name": "Item d - S3 - A1 - WA"}}, {"pk": 15, "model": "demo.item", "fields": {"shelf": 3, "name": "Item e - S3 - A1 - WA"}}, {"pk": 16, "model": "demo.item", "fields": {"shelf": 4, "name": "Item a - S1 - A2 - WA"}}, {"pk": 17, "model": "demo.item", "fields": {"shelf": 4, "name": "Item b - S1 - A2 - WA"}}, {"pk": 18, "model": "demo.item", "fields": {"shelf": 4, "name": "Item c - S1 - A2 - WA"}}, {"pk": 19, "model": "demo.item", "fields": {"shelf": 4, "name": "Item d - S1 - A2 - WA"}}, {"pk": 20, "model": "demo.item", "fields": {"shelf": 4, "name": "Item e - S1 - A2 - WA"}}, {"pk": 21, "model": "demo.item", "fields": {"shelf": 5, "name": "Item a - S2 - A2 - WA"}}, {"pk": 22, "model": "demo.item", "fields": {"shelf": 5, "name": "Item b - S2 - A2 - WA"}}, {"pk": 23, "model": "demo.item", "fields": {"shelf": 5, "name": "Item c - S2 - A2 - WA"}}, {"pk": 24, "model": "demo.item", "fields": {"shelf": 5, "name": "Item d - S2 - A2 - WA"}}, {"pk": 25, "model": "demo.item", "fields": {"shelf": 5, "name": "Item e - S2 - A2 - WA"}}, {"pk": 26, "model": "demo.item", "fields": {"shelf": 6, "name": "Item a - S3 - A2 - WA"}}, {"pk": 27, "model": "demo.item", "fields": {"shelf": 6, "name": "Item b - S3 - A2 - WA"}}, {"pk": 28, "model": "demo.item", "fields": {"shelf": 6, "name": "Item c - S3 - A2 - WA"}}, {"pk": 29, "model": "demo.item", "fields": {"shelf": 6, "name": "Item d - S3 - A2 - WA"}}, {"pk": 30, "model": "demo.item", "fields": {"shelf": 6, "name": "Item e - S3 - A2 - WA"}}, {"pk": 31, "model": "demo.item", "fields": {"shelf": 7, "name": "Item a - S1 - A3 - WA"}}, {"pk": 32, "model": "demo.item", "fields": {"shelf": 7, "name": "Item b - S1 - A3 - WA"}}, {"pk": 33, "model": "demo.item", "fields": {"shelf": 7, "name": "Item c - S1 - A3 - WA"}}, {"pk": 34, "model": "demo.item", "fields": {"shelf": 7, "name": "Item d - S1 - A3 - WA"}}, {"pk": 35, "model": "demo.item", "fields": {"shelf": 7, "name": "Item e - S1 - A3 - WA"}}, {"pk": 36, "model": "demo.item", "fields": {"shelf": 8, "name": "Item a - S2 - A3 - WA"}}, {"pk": 37, "model": "demo.item", "fields": {"shelf": 8, "name": "Item b - S2 - A3 - WA"}}, {"pk": 38, "model": "demo.item", "fields": {"shelf": 8, "name": "Item c - S2 - A3 - WA"}}, {"pk": 39, "model": "demo.item", "fields": {"shelf": 8, "name": "Item d - S2 - A3 - WA"}}, {"pk": 40, "model": "demo.item", "fields": {"shelf": 8, "name": "Item e - S2 - A3 - WA"}}, {"pk": 41, "model": "demo.item", "fields": {"shelf": 9, "name": "Item a - S3 - A3 - WA"}}, {"pk": 42, "model": "demo.item", "fields": {"shelf": 9, "name": "Item b - S3 - A3 - WA"}}, {"pk": 43, "model": "demo.item", "fields": {"shelf": 9, "name": "Item c - S3 - A3 - WA"}}, {"pk": 44, "model": "demo.item", "fields": {"shelf": 9, "name": "Item d - S3 - A3 - WA"}}, {"pk": 45, "model": "demo.item", "fields": {"shelf": 9, "name": "Item e - S3 - A3 - WA"}}, {"pk": 46, "model": "demo.item", "fields": {"shelf": 10, "name": "Item a - S1 - A1 - WB"}}, {"pk": 47, "model": "demo.item", "fields": {"shelf": 10, "name": "Item b - S1 - A1 - WB"}}, {"pk": 48, "model": "demo.item", "fields": {"shelf": 10, "name": "Item c - S1 - A1 - WB"}}, {"pk": 49, "model": "demo.item", "fields": {"shelf": 10, "name": "Item d - S1 - A1 - WB"}}, {"pk": 50, "model": "demo.item", "fields": {"shelf": 10, "name": "Item e - S1 - A1 - WB"}}, {"pk": 51, "model": "demo.item", "fields": {"shelf": 11, "name": "Item a - S2 - A1 - WB"}}, {"pk": 52, "model": "demo.item", "fields": {"shelf": 11, "name": "Item b - S2 - A1 - WB"}}, {"pk": 53, "model": "demo.item", "fields": {"shelf": 11, "name": "Item c - S2 - A1 - WB"}}, {"pk": 54, "model": "demo.item", "fields": {"shelf": 11, "name": "Item d - S2 - A1 - WB"}}, {"pk": 55, "model": "demo.item", "fields": {"shelf": 11, "name": "Item e - S2 - A1 - WB"}}, {"pk": 56, "model": "demo.item", "fields": {"shelf": 12, "name": "Item a - S3 - A1 - WB"}}, {"pk": 57, "model": "demo.item", "fields": {"shelf": 12, "name": "Item b - S3 - A1 - WB"}}, {"pk": 58, "model": "demo.item", "fields": {"shelf": 12, "name": "Item c - S3 - A1 - WB"}}, {"pk": 59, "model": "demo.item", "fields": {"shelf": 12, "name": "Item d - S3 - A1 - WB"}}, {"pk": 60, "model": "demo.item", "fields": {"shelf": 12, "name": "Item e - S3 - A1 - WB"}}, {"pk": 61, "model": "demo.item", "fields": {"shelf": 13, "name": "Item a - S1 - A2 - WB"}}, {"pk": 62, "model": "demo.item", "fields": {"shelf": 13, "name": "Item b - S1 - A2 - WB"}}, {"pk": 63, "model": "demo.item", "fields": {"shelf": 13, "name": "Item c - S1 - A2 - WB"}}, {"pk": 64, "model": "demo.item", "fields": {"shelf": 13, "name": "Item d - S1 - A2 - WB"}}, {"pk": 65, "model": "demo.item", "fields": {"shelf": 13, "name": "Item e - S1 - A2 - WB"}}, {"pk": 66, "model": "demo.item", "fields": {"shelf": 14, "name": "Item a - S2 - A2 - WB"}}, {"pk": 67, "model": "demo.item", "fields": {"shelf": 14, "name": "Item b - S2 - A2 - WB"}}, {"pk": 68, "model": "demo.item", "fields": {"shelf": 14, "name": "Item c - S2 - A2 - WB"}}, {"pk": 69, "model": "demo.item", "fields": {"shelf": 14, "name": "Item d - S2 - A2 - WB"}}, {"pk": 70, "model": "demo.item", "fields": {"shelf": 14, "name": "Item e - S2 - A2 - WB"}}, {"pk": 71, "model": "demo.item", "fields": {"shelf": 15, "name": "Item a - S3 - A2 - WB"}}, {"pk": 72, "model": "demo.item", "fields": {"shelf": 15, "name": "Item b - S3 - A2 - WB"}}, {"pk": 73, "model": "demo.item", "fields": {"shelf": 15, "name": "Item c - S3 - A2 - WB"}}, {"pk": 74, "model": "demo.item", "fields": {"shelf": 15, "name": "Item d - S3 - A2 - WB"}}, {"pk": 75, "model": "demo.item", "fields": {"shelf": 15, "name": "Item e - S3 - A2 - WB"}}, {"pk": 76, "model": "demo.item", "fields": {"shelf": 16, "name": "Item a - S1 - A3 - WB"}}, {"pk": 77, "model": "demo.item", "fields": {"shelf": 16, "name": "Item b - S1 - A3 - WB"}}, {"pk": 78, "model": "demo.item", "fields": {"shelf": 16, "name": "Item c - S1 - A3 - WB"}}, {"pk": 79, "model": "demo.item", "fields": {"shelf": 16, "name": "Item d - S1 - A3 - WB"}}, {"pk": 80, "model": "demo.item", "fields": {"shelf": 16, "name": "Item e - S1 - A3 - WB"}}, {"pk": 81, "model": "demo.item", "fields": {"shelf": 17, "name": "Item a - S2 - A3 - WB"}}, {"pk": 82, "model": "demo.item", "fields": {"shelf": 17, "name": "Item b - S2 - A3 - WB"}}, {"pk": 83, "model": "demo.item", "fields": {"shelf": 17, "name": "Item c - S2 - A3 - WB"}}, {"pk": 84, "model": "demo.item", "fields": {"shelf": 17, "name": "Item d - S2 - A3 - WB"}}, {"pk": 85, "model": "demo.item", "fields": {"shelf": 17, "name": "Item e - S2 - A3 - WB"}}, {"pk": 86, "model": "demo.item", "fields": {"shelf": 18, "name": "Item a - S3 - A3 - WB"}}, {"pk": 87, "model": "demo.item", "fields": {"shelf": 18, "name": "Item b - S3 - A3 - WB"}}, {"pk": 88, "model": "demo.item", "fields": {"shelf": 18, "name": "Item c - S3 - A3 - WB"}}, {"pk": 89, "model": "demo.item", "fields": {"shelf": 18, "name": "Item d - S3 - A3 - WB"}}, {"pk": 90, "model": "demo.item", "fields": {"shelf": 18, "name": "Item e - S3 - A3 - WB"}}, {"pk": 91, "model": "demo.item", "fields": {"shelf": 19, "name": "Item a - S1 - A1 - WC"}}, {"pk": 92, "model": "demo.item", "fields": {"shelf": 19, "name": "Item b - S1 - A1 - WC"}}, {"pk": 93, "model": "demo.item", "fields": {"shelf": 19, "name": "Item c - S1 - A1 - WC"}}, {"pk": 94, "model": "demo.item", "fields": {"shelf": 19, "name": "Item d - S1 - A1 - WC"}}, {"pk": 95, "model": "demo.item", "fields": {"shelf": 19, "name": "Item e - S1 - A1 - WC"}}, {"pk": 96, "model": "demo.item", "fields": {"shelf": 20, "name": "Item a - S2 - A1 - WC"}}, {"pk": 97, "model": "demo.item", "fields": {"shelf": 20, "name": "Item b - S2 - A1 - WC"}}, {"pk": 98, "model": "demo.item", "fields": {"shelf": 20, "name": "Item c - S2 - A1 - WC"}}, {"pk": 99, "model": "demo.item", "fields": {"shelf": 20, "name": "Item d - S2 - A1 - WC"}}, {"pk": 100, "model": "demo.item", "fields": {"shelf": 20, "name": "Item e - S2 - A1 - WC"}}, {"pk": 101, "model": "demo.item", "fields": {"shelf": 21, "name": "Item a - S3 - A1 - WC"}}, {"pk": 102, "model": "demo.item", "fields": {"shelf": 21, "name": "Item b - S3 - A1 - WC"}}, {"pk": 103, "model": "demo.item", "fields": {"shelf": 21, "name": "Item c - S3 - A1 - WC"}}, {"pk": 104, "model": "demo.item", "fields": {"shelf": 21, "name": "Item d - S3 - A1 - WC"}}, {"pk": 105, "model": "demo.item", "fields": {"shelf": 21, "name": "Item e - S3 - A1 - WC"}}, {"pk": 106, "model": "demo.item", "fields": {"shelf": 22, "name": "Item a - S1 - A2 - WC"}}, {"pk": 107, "model": "demo.item", "fields": {"shelf": 22, "name": "Item b - S1 - A2 - WC"}}, {"pk": 108, "model": "demo.item", "fields": {"shelf": 22, "name": "Item c - S1 - A2 - WC"}}, {"pk": 109, "model": "demo.item", "fields": {"shelf": 22, "name": "Item d - S1 - A2 - WC"}}, {"pk": 110, "model": "demo.item", "fields": {"shelf": 22, "name": "Item e - S1 - A2 - WC"}}, {"pk": 111, "model": "demo.item", "fields": {"shelf": 23, "name": "Item a - S2 - A2 - WC"}}, {"pk": 112, "model": "demo.item", "fields": {"shelf": 23, "name": "Item b - S2 - A2 - WC"}}, {"pk": 113, "model": "demo.item", "fields": {"shelf": 23, "name": "Item c - S2 - A2 - WC"}}, {"pk": 114, "model": "demo.item", "fields": {"shelf": 23, "name": "Item d - S2 - A2 - WC"}}, {"pk": 115, "model": "demo.item", "fields": {"shelf": 23, "name": "Item e - S2 - A2 - WC"}}, {"pk": 116, "model": "demo.item", "fields": {"shelf": 24, "name": "Item a - S3 - A2 - WC"}}, {"pk": 117, "model": "demo.item", "fields": {"shelf": 24, "name": "Item b - S3 - A2 - WC"}}, {"pk": 118, "model": "demo.item", "fields": {"shelf": 24, "name": "Item c - S3 - A2 - WC"}}, {"pk": 119, "model": "demo.item", "fields": {"shelf": 24, "name": "Item d - S3 - A2 - WC"}}, {"pk": 120, "model": "demo.item", "fields": {"shelf": 24, "name": "Item e - S3 - A2 - WC"}}, {"pk": 121, "model": "demo.item", "fields": {"shelf": 25, "name": "Item a - S1 - A3 - WC"}}, {"pk": 122, "model": "demo.item", "fields": {"shelf": 25, "name": "Item b - S1 - A3 - WC"}}, {"pk": 123, "model": "demo.item", "fields": {"shelf": 25, "name": "Item c - S1 - A3 - WC"}}, {"pk": 124, "model": "demo.item", "fields": {"shelf": 25, "name": "Item d - S1 - A3 - WC"}}, {"pk": 125, "model": "demo.item", "fields": {"shelf": 25, "name": "Item e - S1 - A3 - WC"}}, {"pk": 126, "model": "demo.item", "fields": {"shelf": 26, "name": "Item a - S2 - A3 - WC"}}, {"pk": 127, "model": "demo.item", "fields": {"shelf": 26, "name": "Item b - S2 - A3 - WC"}}, {"pk": 128, "model": "demo.item", "fields": {"shelf": 26, "name": "Item c - S2 - A3 - WC"}}, {"pk": 129, "model": "demo.item", "fields": {"shelf": 26, "name": "Item d - S2 - A3 - WC"}}, {"pk": 130, "model": "demo.item", "fields": {"shelf": 26, "name": "Item e - S2 - A3 - WC"}}, {"pk": 131, "model": "demo.item", "fields": {"shelf": 27, "name": "Item a - S3 - A3 - WC"}}, {"pk": 132, "model": "demo.item", "fields": {"shelf": 27, "name": "Item b - S3 - A3 - WC"}}, {"pk": 133, "model": "demo.item", "fields": {"shelf": 27, "name": "Item c - S3 - A3 - WC"}}, {"pk": 134, "model": "demo.item", "fields": {"shelf": 27, "name": "Item d - S3 - A3 - WC"}}, {"pk": 135, "model": "demo.item", "fields": {"shelf": 27, "name": "Item e - S3 - A3 - WC"}}, {"pk": 1, "model": "demo.worker", "fields": {"name": "John"}}, {"pk": 2, "model": "demo.worker", "fields": {"name": "Paul"}}, {"pk": 3, "model": "demo.worker", "fields": {"name": "Richard"}}, {"pk": 4, "model": "demo.worker", "fields": {"name": "George"}}]